"","Chromosome","rsID","V3","Position","V5","V6","Index","PC1 loadings","Pval","Outlier","-log10 Pval","Gene","GeneLH","LH Gap","GeneRH","RH Gap"
"1","14","rs10131663","0"," 86692923","C","T","551255"," 0.0208753317","4.711324e-12","TRUE","11.326857",NA,"FLRT2","597889","RP11-322L20.1","679199"
"2","12","rs4077193","0"," 81477961","A","G","492519",NA,"1.260033e-10","TRUE"," 9.899618","ACSS3","LIN7A","146257","PPFIA2","174084"
"3","1","rs7544832","0","181240950","A","G"," 40645",NA,"1.854542e-10","TRUE"," 9.731763",NA,"IER5","180973","CACNA1E","141288"
"4","1","rs6674511","0","181260215","T","C"," 40651",NA,"1.854542e-10","TRUE"," 9.731763",NA,"IER5","200238","CACNA1E","122023"
"5","8","rs7812952","0"," 57767866","T","C","344335"," 0.0176657126","2.658633e-10","TRUE"," 9.575342",NA,"PENK","408573","IMPAD1","102626"
"6","6","rs9405270","0","  5460662","G","A","244966",NA,"1.331254e-09","TRUE"," 8.875739","FARS2","LYRM4","199490","NRN1","537570"
"7","1","rs1543632","0"," 38747960","C","T"," 10560",NA,"1.749229e-09","TRUE"," 8.757153",NA,"POU3F1","235510","RRAGC","555910"
"8","1","rs12731646","0","169090660","T","C"," 37681",NA,"4.310858e-09","TRUE"," 8.365436","ATP1B1","DPT","392158","NME7","11109"
"9","1","rs4540678","0"," 99141448","G","A"," 26128"," 0.0200707700","8.679559e-09","TRUE"," 8.061502","SNX7","DPYD","754843","LPPR5","214358"
"10","8","rs4840563","0"," 11320152","C","T","333177",NA,"1.122553e-08","TRUE"," 7.949793","FAM167A","C8orf12","23985","BLK","31358"
"11","14","rs9323192","0"," 51198815","C","T","541844",NA,"1.126233e-08","TRUE"," 7.948372","NIN","SAV1","63766","PYGL","125794"
"12","3","rs191171","0"," 64819350","G","A","133603",NA,"1.670504e-08","TRUE"," 7.777152",NA,"ADAMTS9","145674","MAGI1","519850"
"13","3","rs6774032","0","143419181","C","T","150033",NA,"2.168913e-08","TRUE"," 7.663758","SLC9A9","CHST2","577381","C3orf58","271459"
"14","15","rs8035111","0","100685940","G","A","577565"," 0.0215814687","3.261907e-08","TRUE"," 7.486528","ADAMTS17","CTD-2054N24.2","268587","CERS3","254660"
"15","7","rs10241304","0"," 76414540","C","T","309082"," 0.0143086248","3.567802e-08","TRUE"," 7.447599","UPK3B","POMZP3","157962","CCDC146","337211"
"16","1","rs10797688","0","181181995","C","T"," 40633",NA,"3.934186e-08","TRUE"," 7.405145",NA,"IER5","122018","CACNA1E","200243"
"17","1","rs4651099","0","181227661","A","C"," 40642",NA,"3.934186e-08","TRUE"," 7.405145",NA,"IER5","167684","CACNA1E","154577"
"18","10","rs12570530","0"," 12547825","C","T","401777",NA,"3.959828e-08","TRUE"," 7.402324","CAMK1D","CDC123","255237","CCDC3","390802"
"19","1","rs11582429","0","181214224","G","T"," 40640",NA,"4.718932e-08","TRUE"," 7.326156",NA,"IER5","154247","CACNA1E","168014"
"20","1","rs10157919","0","181171768","T","G"," 40627"," 0.0186431426","5.009909e-08","TRUE"," 7.300170",NA,"IER5","111791","CACNA1E","210470"
"21","3","rs6808588","0","117484067","C","T","143848"," 0.0177110096","5.788051e-08","TRUE"," 7.237468","LSAMP","GAP43","2043730","IGSF11","1135337"
"22","7","rs11982997","0"," 78014329","C","T","309477",NA,"6.898999e-08","TRUE"," 7.161214","MAGI2","PHTF2","427511","GNAI1","1748942"
"23","5","rs4975628","0","  1220032","A","G","201853",NA,"7.976861e-08","TRUE"," 7.098168","SLC6A19","SLC12A7","107882","SLC6A18","5438"
"24","14","rs2022773","0"," 86923106","T","C","551317",NA,"8.324158e-08","TRUE"," 7.079660",NA,"FLRT2","828072","RP11-322L20.1","449016"
"25","7","rs17619858","0"," 16503724","A","C","295547"," 0.0196458756","1.076457e-07","TRUE"," 6.968003","SOSTDC1","ISPD","42777","LRRC72","62781"
"26","3","rs7650371","0","143398613","G","A","150024",NA,"1.374288e-07","TRUE"," 6.861922","SLC9A9","CHST2","556813","C3orf58","292027"
"27","3","rs1868174","0","143405250","C","T","150028",NA,"1.374288e-07","TRUE"," 6.861922","SLC9A9","CHST2","563450","C3orf58","285390"
"28","18","rs2867167","0","  9627411","T","C","624055",NA,"1.499699e-07","TRUE"," 6.823996",NA,"PPP4R1","12173","RAB31","80751"
"29","6","rs4424058","0","166105641","A","G","289007",NA,"1.583658e-07","TRUE"," 6.800338","PDE10A","C6orf118","382545","SDIM1","201689"
"30","5","rs6893633","0","173687247","T","C","241105",NA,"1.889177e-07","TRUE"," 6.723727",NA,"NSG2","16743","MSX2","464289"
"31","1","rs1208134","0","169428944","C","T"," 37735",NA,"2.430563e-07","TRUE"," 6.614293","CCDC181","BLZF1","63166","SLC19A2","4203"
"32","3","rs16823767","0","153894549","A","G","152477",NA,"2.457446e-07","TRUE"," 6.609516","ARHGEF26","C3orf79","674063","DHX36","95786"
"33","8","rs11776568","0"," 15655226","T","G","334745",NA,"2.619601e-07","TRUE"," 6.581765",NA,"TUSC3","31068","MSR1","310161"
"34","4","rs13151936","0"," 11614944","G","A","164923"," 0.0036757336","2.713172e-07","TRUE"," 6.566523",NA,"HS3ST1","183555","RAB28","1748034"
"35","17","rs4790694","0","  4626354","A","C","602093",NA,"2.761210e-07","TRUE"," 6.558900",NA,"ARRB2","1560","MED11","8369"
"36","3","rs4510347","0","153721744","T","C","152450",NA,"2.938854e-07","TRUE"," 6.531822",NA,"C3orf79","501258","ARHGEF26","117048"
"37","5","rs17160499","0","107083050","C","T","224601",NA,"3.006050e-07","TRUE"," 6.522004",NA,"EFNA5","76454","FBXL17","111686"
"38","4","rs17388568","0","123329362","A","G","187057",NA,"3.097679e-07","TRUE"," 6.508964","ADAD1","KIAA1109","45449","IL2","43263"
"39","2","rs16827299","0","148148960","G","A"," 93644",NA,"3.231801e-07","TRUE"," 6.490555",NA,"ZEB2","2866813","ACVR2A","453126"
"40","1","rs10753271","0"," 33496639","T","C","  9231",NA,"3.283089e-07","TRUE"," 6.483717","AK2","FKSG48","56997","ADC","50066"
"41","3","rs16823554","0","153765548","T","C","152458",NA,"3.413909e-07","TRUE"," 6.466748",NA,"C3orf79","545062","ARHGEF26","73244"
"42","3","rs16823572","0","153776628","A","C","152463",NA,"3.413909e-07","TRUE"," 6.466748",NA,"C3orf79","556142","ARHGEF26","62164"
"43","12","rs4761222","0"," 70952982","G","A","490155","-0.0047249974","3.654710e-07","TRUE"," 6.437147","PTPRB","KCNMB4","124910","PTPRR","78871"
"44","3","rs4856420","0"," 79704090","A","C","137286",NA,"4.495902e-07","TRUE"," 6.347183","ROBO1","ROBO2","2004975","GBE1","1834760"
"45","10","rs1473737","0"," 10912885","C","T","401173",NA,"4.671973e-07","TRUE"," 6.330500",NA,"GATA3","2795724","CELF2","134374"
"46","4","rs17035827","0","158093737","G","A","193561",NA,"4.686673e-07","TRUE"," 6.329135",NA,"GLRB","495","GRIA2","31597"
"47","1","rs1534892","0"," 33472924","C","T","  9226",NA,"4.820176e-07","TRUE"," 6.316937",NA,"FKSG48","33282","AK2","661"
"48","1","rs998664","0"," 33475426","T","C","  9228",NA,"4.820176e-07","TRUE"," 6.316937","AK2","FKSG48","35784","ADC","71279"
"49","8","rs11787294","0"," 27882220","A","G","339518",NA,"5.252944e-07","TRUE"," 6.279597","NUGGC","SCARA5","31976","ELP3","64970"
"50","9","rs8176630","0","136152722","T","C","395244"," 0.0169358242","6.549531e-07","TRUE"," 6.183790",NA,"OBP2B","68092","SURF6","44830"
"51","12","rs757147","0"," 47412806","C","T","484197"," 0.0077521450","7.042505e-07","TRUE"," 6.152273",NA,"SLC38A4","186615","AMIGO2","56684"
"52","18","rs7233980","0","  9596424","A","G","624047",NA,"7.496965e-07","TRUE"," 6.125114","PPP4R1","RALBP1","58310","RAB31","111738"
"53","12","rs2047044","0"," 60492653","G","A","487469",NA,"8.384995e-07","TRUE"," 6.076497",NA,"SLC16A7","316258","FAM19A2","1609387"
"54","1","rs17587612","0","221515711","C","T"," 50349",NA,"8.582998e-07","TRUE"," 6.066361",NA,"HLX","457310","DUSP10","359055"
"55","18","rs10502592","0"," 29964730","C","T","628664",NA,"8.598833e-07","TRUE"," 6.065560","GAREM","MEP1B","164363","KLHL14","287904"
"56","5","rs4286672","0"," 19002291","C","T","207313",NA,"8.610513e-07","TRUE"," 6.064971",NA,"BASP1","1725348","CDH18","470769"
"57","1","rs1534893","0"," 33472942","G","A","  9227",NA,"9.485957e-07","TRUE"," 6.022919",NA,"FKSG48","33300","AK2","643"
"58","17","rs4985588","0","   120174","C","T","600756"," 0.0168356440","1.090912e-06","TRUE"," 5.962210","RPH3AL","DOC2B","88747","C17orf97","139944"
"59","7","rs7787128","0"," 13297072","G","A","294513",NA,"1.174591e-06","TRUE"," 5.930113",NA,"ARL4A","566513","ETV1","633781"
"60","8","rs899364","0"," 11329544","T","G","333180",NA,"1.232347e-06","TRUE"," 5.909267","FAM167A","C8orf12","33377","BLK","21966"
"61","18","rs6506676","0","  9576121","A","G","624044",NA,"1.376409e-06","TRUE"," 5.861252","PPP4R1","RALBP1","38007","RAB31","132041"
"62","1","rs10732287","0","169276816","T","C"," 37711",NA,"1.400706e-06","TRUE"," 5.853653","NME7","ATP1B1","174856","BLZF1","60392"
"63","8","rs16939026","0"," 49790942","T","C","342727",NA,"1.492996e-06","TRUE"," 5.825941",NA,"EFCAB1","143072","SNAI2","39307"
"64","2","rs6746117","0","148155161","T","C"," 93648",NA,"1.511354e-06","TRUE"," 5.820634",NA,"ZEB2","2873014","ACVR2A","446925"
"65","4","rs4861826","0","180920998","C","A","198470",NA,"1.640331e-06","TRUE"," 5.785069",NA,"LINC01098","2009094","TENM3","2144142"
"66","10","rs12767354","0","109507735","C","T","426797",NA,"1.655914e-06","TRUE"," 5.780962",NA,"SORCS1","583443","XPNPEP1","2116789"
"67","21","rs439978","0"," 43385990","T","C","683629",NA,"1.681870e-06","TRUE"," 5.774207",NA,"C2CD2","11991","ZBTB21","20950"
"68","3","rs16826997","0","117187325","G","A","143759",NA,"1.683980e-06","TRUE"," 5.773663","LSAMP","GAP43","1746988","IGSF11","1432079"
"69","3","rs6440181","0","143380236","C","T","150019",NA,"1.799342e-06","TRUE"," 5.744886","SLC9A9","CHST2","538436","C3orf58","310404"
"70","3","rs1242054","0","143381059","T","G","150020",NA,"1.799342e-06","TRUE"," 5.744886","SLC9A9","CHST2","539259","C3orf58","309581"
"71","10","rs2167708","0"," 14761636","T","C","402889",NA,"1.875389e-06","TRUE"," 5.726909","FAM107B","FRMD4A","257495","CDNF","99613"
"72","1","rs17013249","0","208946799","C","T"," 47004",NA,"1.881042e-06","TRUE"," 5.725602",NA,"PLXNA2","529134","CAMK1G","810263"
"73","11","rs11227617","0"," 66653279","G","A","452759",NA,"1.899153e-06","TRUE"," 5.721440","PC","LRFN4","25333","C11orf86","89469"
"74","2","rs9309051","0"," 40349094","G","A"," 69819",NA,"2.057746e-06","TRUE"," 5.686608","SLC8A1","THUMPD2","342687","AC007377.1","139053"
"75","1","rs937925","0","163228151","C","T"," 35796"," 0.0165490180","2.107424e-06","TRUE"," 5.676248","RGS5","RGS4","181559","NUF2","8215"
"76","1","rs16852030","0","163260844","G","A"," 35802",NA,"2.107424e-06","TRUE"," 5.676248","RGS5","RGS4","214252","PBX1","1263977"
"77","4","rs12233795","0","124397732","C","A","187245",NA,"2.377122e-06","TRUE"," 5.623949",NA,"SPRY1","72822","ANKRD50","1187475"
"78","4","rs1349683","0","124399060","C","T","187246",NA,"2.377122e-06","TRUE"," 5.623949",NA,"SPRY1","74150","ANKRD50","1186147"
"79","18","rs9963712","0","  7380978","A","G","623228",NA,"2.468432e-06","TRUE"," 5.607579",NA,"LRRC30","148933","PTPRM","185802"
"80","12","rs7301969","0"," 81473720","G","A","492512",NA,"2.475014e-06","TRUE"," 5.606422","ACSS3","LIN7A","142016","PPFIA2","178325"
"81","12","rs7974451","0"," 81475137","G","A","492515",NA,"2.475014e-06","TRUE"," 5.606422","ACSS3","LIN7A","143433","PPFIA2","176908"
"82","1","rs11577736","0","242365657","C","T"," 56643",NA,"2.571591e-06","TRUE"," 5.589798","PLD5","MAP1LC3C","203282","CEP170","922073"
"83","4","rs10518385","0","122142224","T","C","186780",NA,"3.022871e-06","TRUE"," 5.519580","TNIP3","NDNF","148048","QRFPR","108243"
"84","4","rs11098666","0","123507914","A","G","187074",NA,"3.189491e-06","TRUE"," 5.496279",NA,"IL2","130034","IL21","25869"
"85","4","rs4833837","0","123536963","G","A","187081",NA,"3.189491e-06","TRUE"," 5.496279","IL21","IL2","159083","BBS12","116894"
"86","3","rs13325341","0","117427214","A","C","143829",NA,"3.298101e-06","TRUE"," 5.481736","LSAMP","GAP43","1986877","IGSF11","1192190"
"87","14","rs2181088","0"," 51195365","C","T","541840"," 0.0109342921","3.396770e-06","TRUE"," 5.468934","NIN","SAV1","60316","PYGL","129244"
"88","4","rs17021818","0"," 95491516","A","G","181594",NA,"3.439726e-06","TRUE"," 5.463476","PDLIM5","HPGDS","227489","BMPR1B","187603"
"89","4","rs7667597","0","162219569","G","A","194289",NA,"3.481276e-06","TRUE"," 5.458262",NA,"RAPGEF2","1938248","FSTL5","85480"
"90","2","rs4331503","0"," 85723742","A","G"," 81950",NA,"3.497470e-06","TRUE"," 5.456246",NA,"SH2D6","59590","MAT2A","42546"
"91","9","rs10820019","0","104734570","G","T","386352",NA,"3.512832e-06","TRUE"," 5.454343",NA,"PPP3R2","377287","CYLC2","1023023"
"92","14","rs2181089","0"," 51195390","C","T","541841",NA,"3.552463e-06","TRUE"," 5.449470","NIN","SAV1","60341","PYGL","129219"
"93","10","rs11259756","0"," 47634190","C","T","410422",NA,"3.646934e-06","TRUE"," 5.438072",NA,"AGAP10","394452","ANTXRL","23391"
"94","12","rs2364482","0","  6502131","G","T","473725",NA,"3.886478e-06","TRUE"," 5.410444",NA,"LTBR","1398","CD27","51902"
"95","1","rs2405922","0"," 47873684","C","T"," 12680",NA,"3.917273e-06","TRUE"," 5.407016",NA,"CMPK1","29173","FOXE3","8060"
"96","2","rs7565327","0","212542748","A","G","107121",NA,"4.009659e-06","TRUE"," 5.396893","ERBB4","CPS1","998917","IKZF2","1321681"
"97","6","rs9387530","0","118291994","T","C","276582",NA,"4.127431e-06","TRUE"," 5.384320","SLC35F1","NUS1","260191","CEP85L","489941"
"98","2","rs13036193","0","  5700470","G","A"," 60180"," 0.0011757020","4.293090e-06","TRUE"," 5.367230",NA,"DCDC2C","1864348","SOX11","132329"
"99","12","rs2176912","0"," 81394117","A","G","492494",NA,"4.325309e-06","TRUE"," 5.363983","ACSS3","LIN7A","62413","PPFIA2","257928"
"100","12","rs10774217","0","  4423612","C","T","472910",NA,"4.439573e-06","TRUE"," 5.352659",NA,"CCND2","9096","C12orf5","6759"
"101","4","rs13133845","0"," 95594616","G","A","181617",NA,"4.504070e-06","TRUE"," 5.346395",NA,"PDLIM5","5239","BMPR1B","84503"
"102","15","rs7171611","0"," 95741395","C","T","575881","-0.0050878923","4.728410e-06","TRUE"," 5.325285",NA,"MCTP2","717763","AC016251.1","1089885"
"103","1","rs2820974","0"," 47893929","C","T"," 12685",NA,"4.747811e-06","TRUE"," 5.323507",NA,"FOXE3","10206","FOXD2","7760"
"104","4","rs13148326","0","181032789","A","G","198503",NA,"4.807078e-06","TRUE"," 5.318119",NA,"LINC01098","2120885","TENM3","2032351"
"105","4","rs6827936","0","131269444","G","A","188620",NA,"4.893401e-06","TRUE"," 5.310389",NA,"C4orf33","1231649","RP11-62N21.1","2087513"
"106","1","rs3008530","0","112545414","C","T"," 29527",NA,"5.071056e-06","TRUE"," 5.294902",NA,"KCND3","13637","CTTNBP2NL","393389"
"107","13","rs7492102","0"," 71291350","A","G","520603"," 0.0168580882","5.104712e-06","TRUE"," 5.292029",NA,"KLHL1","608759","DACH1","720748"
"108","7","rs2190525","0"," 81924035","C","T","310519",NA,"5.347289e-06","TRUE"," 5.271866","CACNA2D1","HGF","524281","PCLO","459294"
"109","12","rs7305330","0","  6849879","G","A","473831",NA,"5.532123e-06","TRUE"," 5.257108",NA,"COPS7A","8838","MLF2","7291"
"110","3","rs13317946","0"," 80143818","G","A","137354",NA,"5.563272e-06","TRUE"," 5.254670",NA,"ROBO1","326853","GBE1","1395032"
"111","5","rs173908","0"," 34678440","T","C","210572",NA,"5.624987e-06","TRUE"," 5.249878","RAI14","C1QTNF3","634503","TTC23L","160498"
"112","4","rs6827509","0","131017136","G","T","188549",NA,"5.656808e-06","TRUE"," 5.247429",NA,"C4orf33","979341","RP11-62N21.1","2339821"
"113","4","rs17771724","0","180955602","G","A","198487",NA,"5.676224e-06","TRUE"," 5.245940",NA,"LINC01098","2043698","TENM3","2109538"
"114","5","rs3816325","0"," 34682767","G","A","210574",NA,"6.229048e-06","TRUE"," 5.205578","RAI14","C1QTNF3","638830","TTC23L","156171"
"115","8","rs4114169","0","108456805","C","T","355122",NA,"6.339011e-06","TRUE"," 5.197978","ANGPT1","ABRA","674332","RSPO2","454739"
"116","2","rs16849598","0","213909376","A","G","107509"," 0.0130459074","6.486102e-06","TRUE"," 5.188016","IKZF2","ERBB4","505811","SPAG16","239737"
"117","4","rs11728419","0","129370768","A","G","188191"," 0.0121145122","6.507231e-06","TRUE"," 5.186604",NA,"PGRMC2","160784","JADE1","360011"
"118","6","rs13199337","0"," 70989075","T","C","266703",NA,"6.658730e-06","TRUE"," 5.176609","COL9A1","COL19A1","69396","FAM135A","133569"
"119","20","rs11907268","0"," 48642702","T","C","670249",NA,"6.914605e-06","TRUE"," 5.160233",NA,"SNAI1","37279","TMEM189-UBE2V1","54959"
"120","20","rs535315","0","   775842","T","C","657266",NA,"6.943101e-06","TRUE"," 5.158447",NA,"SLC52A3","26711","FAM110A","38516"
"121","6","rs9342351","0"," 93854735","A","G","271592",NA,"6.968146e-06","TRUE"," 5.156883",NA,"MAP3K7","2557971","EPHA7","95003"
"122","5","rs12516970","0","161728497","G","A","237585",NA,"7.022103e-06","TRUE"," 5.153533",NA,"GABRG2","145955","CCNG1","1136078"
"123","19","rs4599028","0"," 53970581","G","A","655270"," 0.0061216164","7.074920e-06","TRUE"," 5.150278",NA,"ZNF765","40007","ZNF813","408"
"124","23","rs12689586","0"," 73969931","A","G","703899",NA,"7.388621e-06","TRUE"," 5.131437",NA,NA,NA,NA,NA
"125","10","rs17132251","0","  4216511","C","A","398537",NA,"7.595449e-06","TRUE"," 5.119447",NA,"KLF6","389038","AKR1E2","612310"
"126","1","rs10489432","0"," 40759231","G","A"," 11039"," 0.0028993291","8.130131e-06","TRUE"," 5.089902","ZMPSTE24","TMCO2","41868","COL9A2","6928"
"127","1","rs6660999","0","202131108","A","G"," 45059",NA,"8.275966e-06","TRUE"," 5.082181",NA,"PTPN7","392","LGR6","31921"
"128","1","rs3935008","0","202138239","T","C"," 45063",NA,"8.275966e-06","TRUE"," 5.082181",NA,"PTPN7","7523","LGR6","24790"
"129","8","rs8218","0"," 99114970","C","A","353099",NA,"8.376154e-06","TRUE"," 5.076955","HRSP12","C8orf47","9132","POP1","14555"
"130","4","rs6837073","0","180933347","C","A","198478","-0.0041925817","8.398987e-06","TRUE"," 5.075773",NA,"LINC01098","2021443","TENM3","2131793"
"131","6","rs9450874","0"," 88793304","A","G","270306",NA,"8.499886e-06","TRUE"," 5.070587",NA,"SPACA1","16754","CNR1","56279"
"132","6","rs10944342","0"," 88797199","A","G","270307",NA,"8.499886e-06","TRUE"," 5.070587",NA,"SPACA1","20649","CNR1","52384"
"133","6","rs9450877","0"," 88797697","A","C","270308",NA,"8.499886e-06","TRUE"," 5.070587",NA,"SPACA1","21147","CNR1","51886"
"134","15","rs2218461","0"," 95750341","G","A","575882",NA,"8.602723e-06","TRUE"," 5.065364",NA,"MCTP2","726709","AC016251.1","1080939"
"135","2","rs28394649","0","153197805","A","G"," 94620",NA,"8.674436e-06","TRUE"," 5.061759","FMNL2","STAM2","165299","PRPF40A","310302"
"136","2","rs4241266","0"," 70159444","T","C"," 78130",NA,"8.686470e-06","TRUE"," 5.061157","MXD1","AC019206.1","29603","ASPRV1","27782"
"137","2","rs4853173","0"," 70168022","A","G"," 78134",NA,"8.686470e-06","TRUE"," 5.061157","MXD1","AC019206.1","38181","ASPRV1","19204"
"138","14","rs3102229","0"," 23113384","T","C","535096",NA,"8.910322e-06","TRUE"," 5.050107",NA,"OR6J1","9668","OXA1L","122347"
"139","14","rs1952426","0"," 23114522","A","G","535098",NA,"8.910322e-06","TRUE"," 5.050107",NA,"OR6J1","10806","OXA1L","121209"
"140","8","rs1836031","0","108461525","A","C","355126",NA,"9.114277e-06","TRUE"," 5.040278","ANGPT1","ABRA","679052","RSPO2","450019"
"141","19","rs7260635","0","  2551470","A","G","642813",NA,"9.245776e-06","TRUE"," 5.034057","GNG7","GADD45B","73213","DIRAS1","163095"
"142","15","rs7168936","0"," 95740487","T","G","575880",NA,"9.540737e-06","TRUE"," 5.020418",NA,"MCTP2","716855","AC016251.1","1090793"
"143","3","rs16831850","0","160783731","C","T","153725",NA,"9.749436e-06","TRUE"," 5.011021","PPM1L","ARL14","387498","B3GALNT1","17940"
"144","2","rs4850415","0","197942832","C","T","104050",NA,"1.005127e-05","TRUE"," 4.997779","ANKRD44","PGAP1","150312","SF3B1","311676"
"145","2","rs893401","0","197950058","A","G","104051",NA,"1.005127e-05","TRUE"," 4.997779","ANKRD44","PGAP1","157538","SF3B1","304450"
"146","15","rs10744969","0"," 96618734","A","C","576195",NA,"1.024204e-05","TRUE"," 4.989613",NA,"MCTP2","1595102","AC016251.1","212546"
"147","18","rs17090021","0"," 53647447","C","T","634321",NA,"1.031833e-05","TRUE"," 4.986390",NA,"TCF4","315429","TXNL1","616992"
"148","14","rs8008716","0"," 27125765","G","A","536440"," 0.0058288872","1.040585e-05","TRUE"," 4.982723",NA,"NOVA1","58805","FOXG1","2109285"
"149","8","rs11984634","0"," 15755789","T","C","334817",NA,"1.053396e-05","TRUE"," 4.977408",NA,"TUSC3","131631","MSR1","209598"
"150","3","rs17756228","0","172371929","C","T","155810",NA,"1.066138e-05","TRUE"," 4.972187","NCEH1","AC007919.2","10189","ECT2","96543"
"151","4","rs7665232","0","157629331","T","G","193483",NA,"1.072876e-05","TRUE"," 4.969451",NA,"RP11-171N4.2","65725","PDGFC","52275"
"152","15","rs166575","0"," 45381998","C","A","562640",NA,"1.085098e-05","TRUE"," 4.964531",NA,"SORD","12615","DUOX2","2850"
"153","8","rs16938996","0"," 49780841","C","T","342724",NA,"1.096009e-05","TRUE"," 4.960186",NA,"EFCAB1","132971","SNAI2","49408"
"154","5","rs4867841","0","176076234","A","G","241842",NA,"1.111930e-05","TRUE"," 4.953923","TSPAN17","EIF4E1B","2592","UNC5A","161244"
"155","4","rs2202592","0"," 11071463","G","A","164729",NA,"1.112428e-05","TRUE"," 4.953728",NA,"CLNK","384974","HS3ST1","323311"
"156","5","rs10074693","0"," 15181322","G","A","206458",NA,"1.131889e-05","TRUE"," 4.946196",NA,"ANKH","309435","FBXL7","318983"
"157","12","rs1922551","0"," 82158129","G","A","492652",NA,"1.134006e-05","TRUE"," 4.945385",NA,"PPFIA2","4797","CCDC59","459331"
"158","12","rs9478","0","  6840688","T","C","473830",NA,"1.151660e-05","TRUE"," 4.938676","COPS7A","PIANP","30722","MLF2","16482"
"159","2","rs6722740","0","153193698","C","A"," 94619",NA,"1.207284e-05","TRUE"," 4.918190","FMNL2","STAM2","161192","PRPF40A","314409"
"160","4","rs17072515","0","182835130","G","A","199180",NA,"1.213282e-05","TRUE"," 4.916038",NA,"LINC01098","3923226","TENM3","230010"
"161","3","rs10935500","0","143400556","C","T","150025",NA,"1.252770e-05","TRUE"," 4.902129","SLC9A9","CHST2","558756","C3orf58","290084"
"162","14","rs1958524","0"," 86715341","A","G","551261",NA,"1.314476e-05","TRUE"," 4.881247",NA,"FLRT2","620307","RP11-322L20.1","656781"
"163","14","rs994325","0"," 86755632","C","T","551269",NA,"1.314476e-05","TRUE"," 4.881247",NA,"FLRT2","660598","RP11-322L20.1","616490"
"164","1","rs10915021","0"," 35160674","A","G","  9759",NA,"1.331422e-05","TRUE"," 4.875684",NA,"C1orf94","475942","SMIM12","17664"
"165","2","rs4853167","0"," 70152957","C","T"," 78127",NA,"1.338657e-05","TRUE"," 4.873331","MXD1","AC019206.1","23116","ASPRV1","34269"
"166","10","rs11016877","0","131485345","A","G","433967",NA,"1.392230e-05","TRUE"," 4.856289","MGMT","AL355531.2","175820","EBF3","148202"
"167","14","rs1394706","0"," 86723836","G","A","551265",NA,"1.394028e-05","TRUE"," 4.855729",NA,"FLRT2","628802","RP11-322L20.1","648286"
"168","16","rs8056585","0"," 89283809","A","G","600437",NA,"1.397355e-05","TRUE"," 4.854693",NA,"SLC22A31","15737","ZNF778","309"
"169","4","rs11723567","0"," 54380052","T","C","173467"," 0.0086330845","1.410906e-05","TRUE"," 4.850502","FIP1L1","SCFD2","147810","CHIC2","495904"
"170","12","rs4310654","0"," 60298478","C","T","487437",NA,"1.419245e-05","TRUE"," 4.847943",NA,"SLC16A7","122083","FAM19A2","1803562"
"171","4","rs7696815","0"," 78970022","C","T","178339"," 0.0017396248","1.475906e-05","TRUE"," 4.830941",NA,"MRPL1","96078","FRAS1","8702"
"172","21","rs1111348","0"," 16648265","A","G","675647","-0.0030376639","1.493007e-05","TRUE"," 4.825938",NA,"NRIP1","210944","USP25","454079"
"173","14","rs7152787","0"," 98815286","T","C","555031",NA,"1.497681e-05","TRUE"," 4.824581",NA,"C14orf64","370825","C14orf177","362664"
"174","1","rs12030803","0"," 35160327","G","T","  9758",NA,"1.511834e-05","TRUE"," 4.820496",NA,"C1orf94","475595","SMIM12","18011"
"175","3","rs9847141","0","162682265","A","G","154099",NA,"1.512737e-05","TRUE"," 4.820237",NA,"OTOL1","1460535","SI","2014421"
"176","6","rs7776358","0","128343763","C","T","278531",NA,"1.540682e-05","TRUE"," 4.812287","PTPRK","THEMIS","103987","LAMA2","860579"
"177","1","rs3845428","0","181311555","T","C"," 40670",NA,"1.554043e-05","TRUE"," 4.808537",NA,"IER5","251578","CACNA1E","70683"
"178","1","rs10489431","0"," 40759064","T","C"," 11038",NA,"1.579462e-05","TRUE"," 4.801491","ZMPSTE24","TMCO2","41701","COL9A2","7095"
"179","3","rs1496802","0","183024333","A","G","157954",NA,"1.579934e-05","TRUE"," 4.801361","MCF2L2","B3GNT5","8041","KLHL6","180986"
"180","13","rs12873399","0"," 62275936","G","A","518551",NA,"1.586860e-05","TRUE"," 4.799461",NA,"PCDH20","273716","AL445989.1","2044998"
"181","2","rs17198360","0","176137592","C","T"," 99823",NA,"1.617899e-05","TRUE"," 4.791049",NA,"ATP5G3","88257","KIAA1715","651028"
"182","3","rs7429525","0"," 79678609","T","C","137283",NA,"1.624365e-05","TRUE"," 4.789316","ROBO1","ROBO2","1979494","GBE1","1860241"
"183","12","rs9943743","0","127718919","T","C","504163",NA,"1.631754e-05","TRUE"," 4.787345",NA,"TMEM132B","1572002","TMEM132C","1033029"
"184","4","rs9307146","0"," 95529444","C","A","181600"," 0.0182359679","1.635783e-05","TRUE"," 4.786274","PDLIM5","HPGDS","265417","BMPR1B","149675"
"185","1","rs2284446","0"," 40740206","G","A"," 11032",NA,"1.642549e-05","TRUE"," 4.784482","ZMPSTE24","TMCO2","22843","COL9A2","25953"
"186","5","rs7715165","0"," 35986627","T","C","210950",NA,"1.657289e-05","TRUE"," 4.780602","UGT3A1","CAPSL","47746","UGT3A2","48492"
"187","1","rs10429857","0"," 33543052","G","A","  9236",NA,"1.669265e-05","TRUE"," 4.777475","AK2","FKSG48","103410","ADC","3653"
"188","18","rs11661915","0"," 42910347","G","A","631533",NA,"1.725394e-05","TRUE"," 4.763112","SLC14A2","SETBP1","261872","SLC14A1","393745"
"189","2","rs6740224","0","153032790","A","C"," 94602",NA,"1.768301e-05","TRUE"," 4.752444",NA,"STAM2","284","FMNL2","158961"
"190","4","rs1960161","0","138831486","T","C","189857",NA,"1.842927e-05","TRUE"," 4.734492",NA,"PCDH18","377838","SLC7A11","253765"
"191","6","rs806454","0"," 88803599","C","T","270309"," 0.0162671482","1.908976e-05","TRUE"," 4.719199",NA,"SPACA1","27049","CNR1","45984"
"192","5","rs9418","0","  1225121","T","C","201856",NA,"1.938890e-05","TRUE"," 4.712447","SLC6A19","SLC12A7","112971","SLC6A18","349"
"193","13","rs9317221","0"," 62688210","A","G","518619"," 0.0131115251","1.940925e-05","TRUE"," 4.711991",NA,"PCDH20","685990","AL445989.1","1632724"
"194","7","rs6952006","0","  8134294","G","T","292654"," 0.0097100220","1.948989e-05","TRUE"," 4.710191",NA,"GLCCI1","392","ICA1","18520"
"195","4","rs11722955","0"," 95506827","A","G","181598",NA,"1.982874e-05","TRUE"," 4.702705","PDLIM5","HPGDS","242800","BMPR1B","172292"
"196","12","rs11183659","0"," 47320067","T","C","484176",NA,"2.005843e-05","TRUE"," 4.697703",NA,"SLC38A4","93876","AMIGO2","149423"
"197","17","rs16950626","0"," 49914666","T","G","612480"," 0.0168628929","2.037568e-05","TRUE"," 4.690888","CA10","UTP18","539369","AC102948.2","1024815"
"198","2","rs4972661","0","175279049","T","C"," 99676",NA,"2.062614e-05","TRUE"," 4.685582","SCRN3","CIR1","18606","GPR155","17917"
"199","1","rs4920216","0","234310757","G","A"," 53958",NA,"2.124572e-05","TRUE"," 4.672729","SLC35F3","KCNK1","502499","COA6","198445"
"200","3","rs9823341","0"," 80124685","T","C","137350",NA,"2.137280e-05","TRUE"," 4.670139",NA,"ROBO1","307720","GBE1","1414165"
"201","1","rs1501228","0"," 60907460","T","G"," 16020",NA,"2.145042e-05","TRUE"," 4.668564",NA,"C1orf87","368018","NFIA","423471"
"202","18","rs2551447","0"," 53667255","C","A","634326",NA,"2.153044e-05","TRUE"," 4.666947",NA,"TCF4","335237","TXNL1","597184"
"203","15","rs901965","0"," 93966711","A","G","575193",NA,"2.181962e-05","TRUE"," 4.661153",NA,"AC112693.2","215434","MCTP2","808056"
"204","22","rs16985540","0"," 36242487","G","A","690662"," 0.0083744480","2.196086e-05","TRUE"," 4.658351","RBFOX2","APOL5","116957","APOL3","293885"
"205","22","rs4444637","0"," 38606780","A","G","691417",NA,"2.204212e-05","TRUE"," 4.656747","MAFF","PLA2G6","5083","TMEM184B","8518"
"206","10","rs7079031","0"," 16027818","A","G","403278",NA,"2.213175e-05","TRUE"," 4.654984",NA,"FAM188A","125299","PTER","451124"
"207","6","rs2273064","0"," 72127053","T","G","266952",NA,"2.245066e-05","TRUE"," 4.648771",NA,"OGFRL1","108400","RIMS1","469353"
"208","22","rs2192431","0"," 17303596","G","T","685318",NA,"2.249682e-05","TRUE"," 4.647879",NA,"XKR3","1007","GAB4","139230"
"209","8","rs9692790","0"," 29665506","C","T","339965",NA,"2.266820e-05","TRUE"," 4.644583",NA,"DUSP4","457321","TMEM66","255022"
"210","4","rs12650783","0","122662143","T","C","186951",NA,"2.268106e-05","TRUE"," 4.644337",NA,"ANXA5","43875","TMEM155","17945"
"211","18","rs16970360","0"," 36053643","T","C","630046",NA,"2.277700e-05","TRUE"," 4.642503",NA,"CELF4","907643","PIK3C3","3481528"
"212","9","rs2798317","0","115399064","T","C","389574"," 0.0158661403","2.282424e-05","TRUE"," 4.641604","KIAA1958","C9orf147","149580","INIP","47142"
"213","4","rs11945595","0","182860907","T","C","199184",NA,"2.282995e-05","TRUE"," 4.641495",NA,"LINC01098","3949003","TENM3","204233"
"214","3","rs7619742","0"," 78714118","T","C","137159",NA,"2.413409e-05","TRUE"," 4.617369","ROBO1","ROBO2","1015003","GBE1","2824732"
"215","3","rs2255164","0"," 78717508","A","G","137160",NA,"2.413409e-05","TRUE"," 4.617369","ROBO1","ROBO2","1018393","GBE1","2821342"
"216","2","rs4832491","0"," 17506784","A","G"," 63628",NA,"2.443102e-05","TRUE"," 4.612058",NA,"FAM49A","659185","RAD51AP2","185067"
"217","8","rs1390586","0"," 50647262","G","T","342838",NA,"2.450923e-05","TRUE"," 4.610670",NA,"RP11-738G5.2","180289","SNTG1","175087"
"218","6","rs3777499","0","131603443","G","A","279370",NA,"2.522873e-05","TRUE"," 4.598105","AKAP7","EPB41L2","218981","ARG1","290841"
"219","17","rs7215021","0"," 11687521","T","G","604536",NA,"2.572987e-05","TRUE"," 4.589562","DNAH9","SHISA6","220141","ZNF18","193235"
"220","2","rs3771254","0"," 20406245","T","C"," 64493"," 0.0011601945","2.586961e-05","TRUE"," 4.587210","SDC1","LAPTM4A","154456","PUM2","42207"
"221","5","rs9293625","0"," 73679925","T","C","217900"," 0.0059746924","2.598955e-05","TRUE"," 4.585201",NA,"ARHGEF28","442107","ENC1","243309"
"222","2","rs16985192","0"," 18705143","T","C"," 63969",NA,"2.600612e-05","TRUE"," 4.584925",NA,"KCNS3","162261","RDH14","30846"
"223","2","rs4832606","0"," 18722637","T","G"," 63984",NA,"2.600612e-05","TRUE"," 4.584925",NA,"KCNS3","179755","RDH14","13352"
"224","2","rs10210151","0"," 18727332","T","C"," 63986",NA,"2.600612e-05","TRUE"," 4.584925",NA,"KCNS3","184450","RDH14","8657"
"225","8","rs11779699","0"," 49682858","T","G","342713",NA,"2.603838e-05","TRUE"," 4.584386",NA,"EFCAB1","34988","SNAI2","147391"
"226","3","rs6787896","0","114133443","T","C","143006",NA,"2.615420e-05","TRUE"," 4.582459","ZBTB20","TIGIT","104308","GAP43","1208728"
"227","2","rs4664100","0","153190223","A","G"," 94617",NA,"2.667800e-05","TRUE"," 4.573847",NA,"STAM2","157717","FMNL2","1528"
"228","4","rs9997604","0"," 28752932","A","C","169134",NA,"2.668729e-05","TRUE"," 4.573696",NA,"RP11-180C1.1","348446","PCDH7","1969105"
"229","10","rs11595812","0"," 32493733","C","A","408147",NA,"2.681217e-05","TRUE"," 4.571668",NA,"KIF5B","148374","EPC1","62946"
"230","17","rs2531869","0"," 26144284","A","G","607204",NA,"2.715046e-05","TRUE"," 4.566223","RP1-66C13.4","NOS2","16759","LYRM9","61056"
"231","9","rs16910200","0"," 98501892","T","C","384959",NA,"2.734158e-05","TRUE"," 4.563176",NA,"PTCH1","222553","DKFZP434H0512","32713"
"232","10","rs7097369","0","  8678906","A","G","400467",NA,"2.741472e-05","TRUE"," 4.562016",NA,"GATA3","561745","CELF2","2368353"
"233","4","rs4864206","0","134576263","C","T","189115",NA,"2.865689e-05","TRUE"," 4.542771",NA,"PCDH10","446907","PABPC4L","541225"
"234","4","rs11098200","0","114635782","A","G","185439",NA,"2.893721e-05","TRUE"," 4.538543","CAMK2D","ANK2","330886","ARSJ","185658"
"235","2","rs12714147","0"," 85813834","G","A"," 81971",NA,"2.922206e-05","TRUE"," 4.534289","VAMP5","VAMP8","4680","RNF181","9014"
"236","9","rs10123824","0","   958073","G","A","364899",NA,"2.930818e-05","TRUE"," 4.533011","DMRT1","KANK1","211968","DMRT3","18891"
"237","1","rs638130","0"," 33585070","G","A","  9242",NA,"2.965445e-05","TRUE"," 4.527910","ADC","AK2","38473","TRIM62","25933"
"238","9","rs2784623","0"," 10479816","G","A","369150",NA,"2.981196e-05","TRUE"," 4.525610","PTPRD","TMEM261","2591436","TYRP1","2205623"
"239","17","rs2174919","0"," 75247279","A","G","618902",NA,"2.985861e-05","TRUE"," 4.524930",NA,"SEC14L1","34100","SEPT9","29372"
"240","16","rs1981886","0"," 60792908","C","A","590983",NA,"3.007444e-05","TRUE"," 4.521802",NA,"RP11-105C20.2","1004156","CDH8","888238"
"241","1","rs10449717","0","102512873","G","A"," 27035",NA,"3.010433e-05","TRUE"," 4.521371",NA,"OLFM3","50287","COL11A1","829150"
"242","7","rs10258417","0","144905970","T","G","324184",NA,"3.039766e-05","TRUE"," 4.517160",NA,"TPK1","372482","CNTNAP2","907483"
"243","7","rs10272139","0","144906316","G","T","324185",NA,"3.039766e-05","TRUE"," 4.517160",NA,"TPK1","372828","CNTNAP2","907137"
"244","4","rs2164265","0"," 54377540","G","A","173463",NA,"3.060191e-05","TRUE"," 4.514251","FIP1L1","SCFD2","145298","CHIC2","498416"
"245","4","rs2126506","0","178873922","C","T","197940"," 0.0164599799","3.100600e-05","TRUE"," 4.508554","LINC01098","AGA","510265","TENM3","4191218"
"246","10","rs6480448","0"," 72018243","T","G","416530",NA,"3.119810e-05","TRUE"," 4.505872","NPFFR1","PPA1","24576","LRRC20","40486"
"247","23","rs16991826","0"," 74100464","C","T","703904",NA,"3.146497e-05","TRUE"," 4.502173",NA,NA,NA,NA,NA
"248","3","rs12638637","0"," 65258935","G","A","133791",NA,"3.178172e-05","TRUE"," 4.497823",NA,"ADAMTS9","585259","MAGI1","80265"
"249","8","rs1603400","0"," 50660250","C","T","342843",NA,"3.185876e-05","TRUE"," 4.496771",NA,"RP11-738G5.2","193277","SNTG1","162099"
"250","8","rs16912132","0"," 50662483","T","C","342844",NA,"3.185876e-05","TRUE"," 4.496771",NA,"RP11-738G5.2","195510","SNTG1","159866"
"251","11","rs2276340","0","117391966","A","G","465635"," 0.0147670321","3.204334e-05","TRUE"," 4.494262","DSCAML1","CEP164","107982","FXYD2","279593"
"252","8","rs10503422","0"," 11285186","C","T","333158",NA,"3.227495e-05","TRUE"," 4.491134","C8orf12","SLC35G5","95469","BLK","66324"
"253","5","rs6882497","0","117037025","C","T","227030",NA,"3.252416e-05","TRUE"," 4.487794",NA,"SEMA6A","1126395","DTWD2","1135992"
"254","2","rs1453147","0","130271510","G","T"," 89791",NA,"3.265639e-05","TRUE"," 4.486032",NA,"HS6ST1","1195359","RAB6C","465725"
"255","20","rs6132228","0"," 19679950","G","A","663839",NA,"3.287914e-05","TRUE"," 4.483080","SLC24A3","SCP2D1","884917","AL121761.2","58346"
"256","20","rs6136818","0"," 19680865","T","G","663840",NA,"3.287914e-05","TRUE"," 4.483080","SLC24A3","SCP2D1","885832","AL121761.2","57431"
"257","11","rs12786502","0","102771599","T","G","462009"," 0.0129173608","3.331326e-05","TRUE"," 4.477383",NA,"MMP3","57065","MMP13","42125"
"258","17","rs2531860","0"," 26134669","A","G","607200",NA,"3.365453e-05","TRUE"," 4.472956","RP1-66C13.4","NOS2","7144","LYRM9","70671"
"259","17","rs2734299","0"," 26134958","G","A","607201",NA,"3.365453e-05","TRUE"," 4.472956","RP1-66C13.4","NOS2","7433","LYRM9","70382"
"260","1","rs9803630","0","232135880","A","G"," 53190",NA,"3.390486e-05","TRUE"," 4.469738","DISC1","TSNAX-DISC1","180890","SIPA1L2","397831"
"261","5","rs12516652","0","115811248","T","G","226690",NA,"3.413267e-05","TRUE"," 4.466830","SEMA6A","COMMD10","62789","DTWD2","2361769"
"262","8","rs11786326","0"," 56159069","T","C","343964",NA,"3.461197e-05","TRUE"," 4.460774","XKR4","RP11-386G21.2","81782","TMEM68","449914"
"263","1","rs915108","0"," 34023749","T","C","  9348",NA,"3.482972e-05","TRUE"," 4.458050","CSMD2","ZSCAN20","61642","HMGB4","302327"
"264","5","rs623297","0"," 72408589","T","C","217486",NA,"3.507831e-05","TRUE"," 4.454961",NA,"FCHO2","22240","TMEM171","7530"
"265","10","rs17109550","0","100133931","A","C","424451",NA,"3.576602e-05","TRUE"," 4.446529",NA,"LOXL4","105924","PYROXD2","9391"
"266","10","rs1061134","0","100189252","A","G","424483"," 0.0064508980","3.586036e-05","TRUE"," 4.445385","HPS1","PYROXD2","14311","HPSE2","29623"
"267","3","rs1055153","0","149374873","T","G","151403"," 0.0153069238","3.630833e-05","TRUE"," 4.439994","WWTR1","TM4SF4","153805","COMMD2","81384"
"268","17","rs16961570","0"," 16803522","T","C","606224",NA,"3.632147e-05","TRUE"," 4.439837",NA,"RP11-219A15.1","95755","TNFRSF13B","29327"
"269","12","rs1183273","0"," 66673451","A","G","488791",NA,"3.649213e-05","TRUE"," 4.437801",NA,"IRAK3","25049","HELB","22874"
"270","4","rs10001803","0","156902056","A","G","193291",NA,"3.654768e-05","TRUE"," 4.437140",NA,"CTSO","26987","RP11-171N4.2","653590"
"271","1","rs11579595","0","102649588","G","A"," 27059",NA,"3.658756e-05","TRUE"," 4.436667",NA,"OLFM3","187002","COL11A1","692435"
"272","10","rs7073772","0"," 10597399","T","C","401050",NA,"3.662711e-05","TRUE"," 4.436197",NA,"GATA3","2480238","CELF2","449860"
"273","5","rs12514632","0"," 40186968","G","A","212013",NA,"3.736553e-05","TRUE"," 4.427529",NA,"DAB2","724566","PTGER4","492632"
"274","12","rs1397571","0"," 71663435","T","C","490363",NA,"3.774603e-05","TRUE"," 4.423129","TSPAN8","CTD-2021H9.3","151408","LGR5","170115"
"275","1","rs7517274","0"," 37402001","G","A"," 10193"," 0.0047924303","3.787137e-05","TRUE"," 4.421689","GRIK3","CSF3R","453122","ZC3H12A","538152"
"276","6","rs7756550","0","161349326","C","T","287369","-0.0001379862","3.791523e-05","TRUE"," 4.421186",NA,"PLG","174979","MAP3K4","63433"
"277","17","rs1025934","0"," 74905595","T","G","618765",NA,"3.806983e-05","TRUE"," 4.419419","MGAT5B","MFSD11","128064","SEC14L1","177203"
"278","4","rs962939","0","125404239","C","T","187450",NA,"3.852966e-05","TRUE"," 4.414205",NA,"SPRY1","1079329","ANKRD50","180968"
"279","5","rs1421764","0","168678248","T","C","239502",NA,"3.863936e-05","TRUE"," 4.412970","SLIT3","PANK3","671643","SPDL1","332390"
"280","19","rs11880628","0"," 10991827","A","G","645129",NA,"3.868201e-05","TRUE"," 4.412491","CARM1","C19orf38","11361","YIPF2","41617"
"281","19","rs12977506","0"," 10992724","A","G","645130",NA,"3.868201e-05","TRUE"," 4.412491","CARM1","C19orf38","12258","YIPF2","40720"
"282","2","rs725375","0"," 40167555","T","G"," 69748",NA,"3.886795e-05","TRUE"," 4.410408",NA,"THUMPD2","161148","SLC8A1","156855"
"283","4","rs17008220","0","125391283","T","C","187448"," 0.0062289020","3.908711e-05","TRUE"," 4.407966",NA,"SPRY1","1066373","ANKRD50","193924"
"284","9","rs11185709","0","137174079","A","G","395635"," 0.0056176587","3.927003e-05","TRUE"," 4.405939",NA,"WDR5","148986","RXRA","34865"
"285","3","rs9826564","0"," 33929604","C","T","126068",NA,"3.955178e-05","TRUE"," 4.402834",NA,"PDCD6IP","18410","ARPP21","1750833"
"286","14","rs1505187","0"," 86791228","A","G","551278",NA,"3.980808e-05","TRUE"," 4.400029",NA,"FLRT2","696194","RP11-322L20.1","580894"
"287","11","rs516320","0"," 96041339","A","G","460074",NA,"3.995961e-05","TRUE"," 4.398379","MAML2","MTMR2","382860","CCDC82","44594"
"288","1","rs17473524","0"," 35170315","C","T","  9763",NA,"4.030138e-05","TRUE"," 4.394680",NA,"C1orf94","485583","SMIM12","8023"
"289","4","rs10488872","0","108313081","C","T","184098",NA,"4.071045e-05","TRUE"," 4.390294",NA,"DKK2","108118","PAPSS1","198352"
"290","9","rs2812312","0","108251400","C","A","387413",NA,"4.074188e-05","TRUE"," 4.389959","FSD1L","SLC44A1","49948","FKTN","69011"
"291","18","rs1850558","0"," 65753274","T","C","637911",NA,"4.092508e-05","TRUE"," 4.388010",NA,"DSEL","569057","TMX3","587651"
"292","18","rs11151418","0"," 65766146","T","C","637914",NA,"4.092508e-05","TRUE"," 4.388010",NA,"DSEL","581929","TMX3","574779"
"293","5","rs4327622","0"," 89209636","G","A","221318",NA,"4.122688e-05","TRUE"," 4.384820",NA,"MEF2C","1009714","CETN3","478442"
"294","14","rs7359031","0"," 40254333","T","C","539641"," 0.0164029152","4.170049e-05","TRUE"," 4.379859",NA,"FBXO33","352629","LRFN5","1822440"
"295","3","rs4680966","0"," 79662973","C","T","137280",NA,"4.213993e-05","TRUE"," 4.375306","ROBO1","ROBO2","1963858","GBE1","1875877"
"296","1","rs12043295","0","157361577","T","C"," 33955",NA,"4.227679e-05","TRUE"," 4.373898",NA,"ETV3","253311","FCRL5","121590"
"297","1","rs664182","0"," 33592887","G","A","  9243",NA,"4.245406e-05","TRUE"," 4.372081",NA,"ADC","6756","TRIM62","18116"
"298","1","rs2993446","0","202161644","C","T"," 45070",NA,"4.256004e-05","TRUE"," 4.370998",NA,"PTPN7","30928","LGR6","1385"
"299","9","rs10759073","0","   953465","C","T","364896",NA,"4.276685e-05","TRUE"," 4.368893","DMRT1","KANK1","207360","DMRT3","23499"
"300","18","rs16970257","0"," 36037878","A","G","630037",NA,"4.309434e-05","TRUE"," 4.365580",NA,"CELF4","891878","PIK3C3","3497293"
"301","4","rs7661107","0","167607726","C","T","195506",NA,"4.324674e-05","TRUE"," 4.364047",NA,"TLL1","582679","SPOCK3","46809"
"302","6","rs2024846","0"," 85575780","A","G","269666",NA,"4.366195e-05","TRUE"," 4.359897",NA,"TBX18","101543","NT5E","584029"
"303","4","rs10018538","0","181205991","T","C","198551",NA,"4.392661e-05","TRUE"," 4.357272",NA,"LINC01098","2294087","TENM3","1859149"
"304","18","rs2034069","0","  3270397","G","A","621712"," 0.0174185984","4.436218e-05","TRUE"," 4.352987","MYL12B","MYL12A","14163","TGIF1","141209"
"305","4","rs4698281","0"," 14699227","C","T","165704",NA,"4.551509e-05","TRUE"," 4.341845",NA,"BOD1L1","1069880","CPEB2","305071"
"306","4","rs4488900","0","161733077","G","A","194191",NA,"4.556286e-05","TRUE"," 4.341389",NA,"RAPGEF2","1451756","FSTL5","571972"
"307","20","rs6038007","0","  4855759","T","C","658802",NA,"4.666750e-05","TRUE"," 4.330985","SLC23A2","RASSF2","51468","TMEM230","224727"
"308","9","rs1858633","0"," 14696674","G","T","370592",NA,"4.714004e-05","TRUE"," 4.326610",NA,"ZDHHC21","3205","CER1","23048"
"309","17","rs7218952","0"," 26196172","A","C","607211",NA,"4.719188e-05","TRUE"," 4.326133","RP1-66C13.4","NOS2","68647","LYRM9","9168"
"310","11","rs514537","0","104788727","A","C","462473",NA,"4.721836e-05","TRUE"," 4.325889",NA,"CASP12","19330","CASP4","24866"
"311","11","rs7104517","0","104789971","G","A","462476",NA,"4.721836e-05","TRUE"," 4.325889",NA,"CASP12","20574","CASP4","23622"
"312","11","rs10791740","0","104809654","T","C","462477",NA,"4.721836e-05","TRUE"," 4.325889",NA,"CASP12","40257","CASP4","3939"
"313","14","rs2679","0"," 69023999","G","A","546422"," 0.0043074939","4.872860e-05","TRUE"," 4.312216","RAD51B","ZFYVE26","740692","ZFP36L1","230378"
"314","12","rs10505911","0"," 24022160","C","A","479088",NA,"4.911539e-05","TRUE"," 4.308782","SOX5","ETNK1","1178561","BCAT1","942135"
"315","9","rs11243460","0","134511969","C","T","394736",NA,"4.921178e-05","TRUE"," 4.307931","RAPGEF1","UCK1","105314","MED27","223525"
"316","13","rs7329303","0"," 81369125","T","G","523494",NA,"4.936058e-05","TRUE"," 4.306620",NA,"SPRY2","454039","SLITRK1","3082219"
"317","12","rs17097439","0"," 47359727","T","G","484186",NA,"4.983798e-05","TRUE"," 4.302440",NA,"SLC38A4","133536","AMIGO2","109763"
"318","22","rs137227","0"," 35296551","C","T","690338",NA,"5.048817e-05","TRUE"," 4.296810",NA,"LARGE","977722","ISX","165578"
"319","22","rs1894483","0"," 35297886","C","A","690341",NA,"5.048817e-05","TRUE"," 4.296810",NA,"LARGE","979057","ISX","164243"
"320","1","rs11577575","0"," 94646514","A","G"," 24550",NA,"5.066007e-05","TRUE"," 4.295334","ARHGAP29","ABCA4","59826","ABCD3","237419"
"321","9","rs10988298","0","132042502","G","A","393999",NA,"5.069868e-05","TRUE"," 4.295003",NA,"IER5L","101962","NTMT1","328661"
"322","2","rs12478675","0","197942576","G","T","104049",NA,"5.087225e-05","TRUE"," 4.293519","ANKRD44","PGAP1","150056","SF3B1","311932"
"323","3","rs9856597","0","114174924","G","T","143018",NA,"5.128686e-05","TRUE"," 4.289994","ZBTB20","TIGIT","145789","GAP43","1167247"
"324","14","rs4901885","0"," 59492879","T","C","544371"," 0.0034492154","5.140254e-05","TRUE"," 4.289015",NA,"DACT1","377840","DAAM1","162485"
"325","3","rs17017186","0"," 79842200","G","A","137310",NA,"5.145092e-05","TRUE"," 4.288607",NA,"ROBO1","25235","GBE1","1696650"
"326","3","rs7429136","0"," 79848404","C","T","137313",NA,"5.145092e-05","TRUE"," 4.288607",NA,"ROBO1","31439","GBE1","1690446"
"327","3","rs1358171","0","144028498","C","A","150176",NA,"5.160623e-05","TRUE"," 4.287298",NA,"C3orf58","260937","AC107021.1","1753860"
"328","9","rs11794563","0","132044938","T","C","394002",NA,"5.235828e-05","TRUE"," 4.281015",NA,"IER5L","104398","NTMT1","326225"
"329","6","rs12199744","0","107383411","C","T","274334",NA,"5.249700e-05","TRUE"," 4.279866",NA,"C6orf203","10865","BEND3","2975"
"330","12","rs7975829","0","  8068881","C","T","474184"," 0.0045472250","5.251808e-05","TRUE"," 4.279691",NA,"SLC2A14","25137","SLC2A3","2945"
"331","15","rs11634290","0"," 75984095","A","G","570364",NA,"5.274786e-05","TRUE"," 4.277795","CSPG4","AC105020.1","11002","ODF3L1","32223"
"332","3","rs7632089","0","160479974","T","C","153672",NA,"5.277459e-05","TRUE"," 4.277575","PPM1L","ARL14","83741","B3GALNT1","321697"
"333","4","rs12505040","0"," 54339478","C","T","173455",NA,"5.315136e-05","TRUE"," 4.274486","FIP1L1","SCFD2","107236","CHIC2","536478"
"334","12","rs273814","0"," 61054803","T","C","487545",NA,"5.320070e-05","TRUE"," 4.274083",NA,"SLC16A7","878408","FAM19A2","1047237"
"335","21","rs2823521","0"," 17275170","G","A","675788",NA,"5.337180e-05","TRUE"," 4.272688",NA,"USP25","22793","C21orf37","1536038"
"336","5","rs1383170","0","146433932","A","C","233603"," 0.0140310937","5.391764e-05","TRUE"," 4.268269","PPP2R2B","GPR151","538179","STK32A","180594"
"337","10","rs12571414","0","122966573","G","A","430707",NA,"5.440678e-05","TRUE"," 4.264347",NA,"WDR11","297537","FGFR2","271275"
"338","22","rs6008567","0"," 48562589","C","T","694404",NA,"5.444299e-05","TRUE"," 4.264058",NA,"LL22NC03-75H12.2","679729","FAM19A5","322683"
"339","3","rs17817774","0","153779868","G","A","152464",NA,"5.487009e-05","TRUE"," 4.260664",NA,"C3orf79","559382","ARHGEF26","58924"
"340","12","rs11610602","0","  8070815","T","C","474185",NA,"5.496886e-05","TRUE"," 4.259883",NA,"SLC2A14","27071","SLC2A3","1011"
"341","2","rs2003288","0","130316023","T","C"," 89796",NA,"5.573284e-05","TRUE"," 4.253889",NA,"HS6ST1","1239872","RAB6C","421212"
"342","2","rs4131081","0","164683893","G","A"," 96981",NA,"5.590197e-05","TRUE"," 4.252573",NA,"FIGN","91371","GRB14","665429"
"343","10","rs7904038","0","130305654","G","T","433529",NA,"5.662273e-05","TRUE"," 4.247009",NA,"MKI67","381005","MGMT","959794"
"344","10","rs3812696","0"," 72025954","A","G","416533",NA,"5.746996e-05","TRUE"," 4.240559","NPFFR1","PPA1","32287","LRRC20","32775"
"345","6","rs12662074","0","125001627","T","C","278005",NA,"5.753640e-05","TRUE"," 4.240057","NKAIN2","TRDN","1043389","RNF217","282064"
"346","20","rs6033504","0"," 12713069","C","T","661394",NA,"5.768032e-05","TRUE"," 4.238972",NA,"BTBD3","805812","SPTLC3","276558"
"347","1","rs6679121","0"," 47867150","G","A"," 12675",NA,"5.822672e-05","TRUE"," 4.234878",NA,"CMPK1","22639","FOXE3","14594"
"348","4","rs1036016","0","147176603","C","T","191450",NA,"5.855105e-05","TRUE"," 4.232465","SLC10A7","RP11-6L6.2","26395","POU4F2","383442"
"349","3","rs157275","0","137534327","A","G","148609",NA,"5.883496e-05","TRUE"," 4.230365",NA,"SOX14","49931","CLDN18","183250"
"350","17","rs17574949","0"," 32700797","G","A","608664",NA,"5.916503e-05","TRUE"," 4.227935",NA,"CCL1","10547","C17orf102","200345"
"351","8","rs7014506","0"," 20900090","A","G","337141",NA,"5.990284e-05","TRUE"," 4.222553",NA,"LZTS1","738616","GFRA2","647825"
"352","4","rs2693550","0","138611802","A","G","189812",NA,"6.053398e-05","TRUE"," 4.218001",NA,"PCDH18","158154","SLC7A11","473449"
"353","4","rs1526237","0","138633828","G","A","189816",NA,"6.053398e-05","TRUE"," 4.218001",NA,"PCDH18","180180","SLC7A11","451423"
"354","12","rs10783884","0"," 58575527","A","C","487068",NA,"6.053963e-05","TRUE"," 4.217960",NA,"XRCC6BP1","224475","RP11-362K2.2","362380"
"355","17","rs12449765","0"," 32840267","G","A","608744","-0.0025951582","6.057005e-05","TRUE"," 4.217742",NA,"CCL1","150017","C17orf102","60875"
"356","11","rs502922","0"," 96015672","C","T","460063",NA,"6.080220e-05","TRUE"," 4.216081","MAML2","MTMR2","357193","CCDC82","70261"
"357","11","rs2509000","0"," 96024021","G","A","460067",NA,"6.080220e-05","TRUE"," 4.216081","MAML2","MTMR2","365542","CCDC82","61912"
"358","4","rs4327484","0"," 14700515","T","C","165705",NA,"6.096523e-05","TRUE"," 4.214918",NA,"BOD1L1","1071168","CPEB2","303783"
"359","2","rs17182166","0","158596197","T","G"," 95739",NA,"6.117798e-05","TRUE"," 4.213405","ACVR1","ACVR1C","110680","UPP2","137017"
"360","20","rs6034751","0"," 17114299","G","A","662977",NA,"6.149264e-05","TRUE"," 4.211177",NA,"OTOR","363592","PCSK2","92453"
"361","1","rs1004222","0","224888632","A","G"," 51157",NA,"6.160459e-05","TRUE"," 4.210387","CNIH3","WDR26","263897","DNAH14","195332"
"362","7","rs6964837","0","137208391","T","C","322359",NA,"6.161124e-05","TRUE"," 4.210340","DGKI","PTN","179780","CREB3L2","351334"
"363","2","rs10195954","0","225867041","A","G","110548",NA,"6.164389e-05","TRUE"," 4.210110","DOCK10","CUL3","416931","NYAP2","398323"
"364","3","rs10934275","0","114178479","C","T","143019",NA,"6.165565e-05","TRUE"," 4.210027","ZBTB20","TIGIT","149344","GAP43","1163692"
"365","4","rs4401434","0","174631643","G","A","196869",NA,"6.243645e-05","TRUE"," 4.204562",NA,"HAND2","180263","FBXO8","526166"
"366","17","rs17773333","0"," 11387425","A","G","604442",NA,"6.295338e-05","TRUE"," 4.200981","SHISA6","PIRT","645663","DNAH9","114323"
"367","17","rs17773518","0"," 11391745","T","C","604445",NA,"6.295338e-05","TRUE"," 4.200981","SHISA6","PIRT","649983","DNAH9","110003"
"368","10","rs11814584","0","100123612","C","T","424447",NA,"6.308642e-05","TRUE"," 4.200064",NA,"LOXL4","95605","PYROXD2","19710"
"369","9","rs16914942","0","113083182","A","C","388927",NA,"6.320712e-05","TRUE"," 4.199234","TXNDC8","TXN","64262","SVEP1","44349"
"370","4","rs13132522","0","138636149","T","C","189817",NA,"6.322155e-05","TRUE"," 4.199135",NA,"PCDH18","182501","SLC7A11","449102"
"371","11","rs634737","0"," 57160838","A","G","450432",NA,"6.322947e-05","TRUE"," 4.199080","RP11-872D17.8","PRG2","2708","SLC43A3","13589"
"372","3","rs1568979","0","144007968","A","G","150172"," 0.0006074777","6.400864e-05","TRUE"," 4.193761",NA,"C3orf58","240407","AC107021.1","1774390"
"373","20","rs6111430","0"," 17102334","G","T","662975",NA,"6.454748e-05","TRUE"," 4.190121",NA,"OTOR","351627","PCSK2","104418"
"374","5","rs17139910","0","115822585","T","C","226698",NA,"6.472844e-05","TRUE"," 4.188905","SEMA6A","COMMD10","74126","DTWD2","2350432"
"375","7","rs2191893","0"," 19324368","G","A","296551",NA,"6.478775e-05","TRUE"," 4.188507",NA,"FERD3L","139324","TWISTNB","410717"
"376","15","rs8032632","0"," 81400270","G","T","571626",NA,"6.482103e-05","TRUE"," 4.188284","C15orf26","MESDC1","103928","IL16","51646"
"377","12","rs7488009","0","  5645811","C","T","473447",NA,"6.560252e-05","TRUE"," 4.183080","ANO2","NTF3","15109","VWF","412229"
"378","12","rs11831917","0","130243171","T","C","505331",NA,"6.570861e-05","TRUE"," 4.182378","TMEM132D","GLT1D1","773662","FZD10","403833"
"379","5","rs4374783","0"," 89241660","C","T","221324",NA,"6.572299e-05","TRUE"," 4.182283",NA,"MEF2C","1041738","CETN3","446418"
"380","13","rs4459459","0"," 52447909","A","G","516547",NA,"6.572874e-05","TRUE"," 4.182245",NA,"CCDC70","7543","ATP7B","58900"
"381","16","rs4243218","0"," 81900628","C","T","596754",NA,"6.621824e-05","TRUE"," 4.179022","PLCG2","CMIP","155261","SDR42E1","130593"
"382","1","rs505399","0"," 47936696","C","T"," 12695",NA,"6.661686e-05","TRUE"," 4.176416",NA,"FOXD2","30333","TRABD2B","289504"
"383","15","rs11856623","0","100823576","A","C","577641",NA,"6.714464e-05","TRUE"," 4.172989","ADAMTS17","CTD-2054N24.2","406223","CERS3","117024"
"384","1","rs11583493","0","102554563","T","G"," 27039",NA,"6.717418e-05","TRUE"," 4.172798",NA,"OLFM3","91977","COL11A1","787460"
"385","7","rs10273515","0","  7332580","C","T","292317",NA,"6.726136e-05","TRUE"," 4.172234",NA,"C1GALT1","44298","COL28A1","63254"
"386","5","rs155051","0"," 95977219","G","A","222542",NA,"6.735530e-05","TRUE"," 4.171628","CAST","PCSK1","207372","ERAP1","119302"
"387","3","rs7640802","0","160481143","G","A","153673",NA,"6.778357e-05","TRUE"," 4.168876","PPM1L","ARL14","84910","B3GALNT1","320528"
"388","6","rs2388041","0"," 97751948","G","A","272362","-0.0076840925","6.782358e-05","TRUE"," 4.168619",NA,"MMS22L","20855","POU3F2","1530632"
"389","4","rs6852950","0","127243397","A","G","187864",NA,"6.804323e-05","TRUE"," 4.167215",NA,"FAT4","829310","INTU","1301029"
"390","10","rs2296436","0","100179851","C","T","424478",NA,"6.809285e-05","TRUE"," 4.166898","HPS1","PYROXD2","4910","HPSE2","39024"
"391","2","rs12471519","0","215153205","G","T","107700",NA,"6.866990e-05","TRUE"," 4.163234","SPAG16","IKZF2","1136054","VWC2L","122584"
"392","10","rs17109650","0","100159373","C","T","424463",NA,"6.886183e-05","TRUE"," 4.162021","PYROXD2","LOXL4","131366","HPS1","16582"
"393","10","rs3830019","0","100176848","T","C","424475",NA,"6.886183e-05","TRUE"," 4.162021","HPS1","PYROXD2","1907","HPSE2","42027"
"394","1","rs4412566","0"," 33448220","G","A","  9221",NA,"6.934470e-05","TRUE"," 4.158987",NA,"FKSG48","8578","AK2","25365"
"395","20","rs1333383","0"," 12710164","A","C","661393",NA,"6.954070e-05","TRUE"," 4.157761",NA,"BTBD3","802907","SPTLC3","279463"
"396","2","rs10930958","0","153009409","C","T"," 94600",NA,"7.169118e-05","TRUE"," 4.144534","STAM2","CACNB4","53816","FMNL2","182342"
"397","2","rs13033341","0","201108594","C","A","104539",NA,"7.203840e-05","TRUE"," 4.142436",NA,"C2orf47","235331","SPATS2L","62010"
"398","8","rs10113535","0"," 47637786","G","T","342530",NA,"7.240407e-05","TRUE"," 4.140237",NA,"HGSNAT","4579788","SPIDR","535381"
"399","10","rs17109662","0","100165967","A","C","424465",NA,"7.247326e-05","TRUE"," 4.139822","PYROXD2","LOXL4","137960","HPS1","9988"
"400","1","rs1894662","0"," 20591780","G","A","  5913",NA,"7.247768e-05","TRUE"," 4.139796",NA,"UBXN10","69239","VWA5B1","25632"
"401","16","rs9932243","0"," 73393833","T","G","593549",NA,"7.336833e-05","TRUE"," 4.134491",NA,"C16orf47","215487","PSMD7","936840"
